{
  "hash": "4b184106",
  "configHash": "f5d68a67",
  "lockfileHash": "f8bd46c3",
  "browserHash": "bba063fd",
  "optimized": {
    "@emailjs/browser": {
      "src": "../../node_modules/@emailjs/browser/es/index.js",
      "file": "@emailjs_browser.js",
      "fileHash": "09937ba8",
      "needsInterop": false
    },
    "framer-motion": {
      "src": "../../node_modules/framer-motion/dist/es/index.mjs",
      "file": "framer-motion.js",
      "fileHash": "0928d989",
      "needsInterop": false
    },
    "lucide-react": {
      "src": "../../node_modules/lucide-react/dist/esm/lucide-react.js",
      "file": "lucide-react.js",
      "fileHash": "eb8cd16a",
      "needsInterop": false
    },
    "react": {
      "src": "../../node_modules/react/index.js",
      "file": "react.js",
      "fileHash": "16010ea5",
      "needsInterop": true
    },
    "react-dom/client": {
      "src": "../../node_modules/react-dom/client.js",
      "file": "react-dom_client.js",
      "fileHash": "fb4b7d99",
      "needsInterop": true
    },
    "react-icons/fa": {
      "src": "../../node_modules/react-icons/fa/index.mjs",
      "file": "react-icons_fa.js",
      "fileHash": "3667f915",
      "needsInterop": false
    },
    "react-scroll": {
      "src": "../../node_modules/react-scroll/modules/index.js",
      "file": "react-scroll.js",
      "fileHash": "45fd86ec",
      "needsInterop": true
    },
    "react-typed": {
      "src": "../../node_modules/react-typed/dist/mjs/index.js",
      "file": "react-typed.js",
      "fileHash": "cbdf3bc3",
      "needsInterop": false
    }
  },
  "chunks": {
    "chunk-JF7IVAG4": {
      "file": "chunk-JF7IVAG4.js"
    },
    "chunk-4BPZ7PBZ": {
      "file": "chunk-4BPZ7PBZ.js"
    },
    "chunk-G3PMV62Z": {
      "file": "chunk-G3PMV62Z.js"
    }
  }
}